Case Tag,Secondary Tags (for mapping),SA Case Group,SA Case Type,SA Case Subtype,Apply mapping if,AND…
. Continental Italian Restaurant,,,,,,
@CLG IN SUIT,,,,,,
@PRE-SETTLEMENT LOANS (2) re STG CLAIM,, ,,,,
1412 64th Ave.,,,,,,
2nd loan via Legal Bay - Tribeca,,,,,,
3rd Party Injury claim,,,,,,
3rd Party Injury claim - lay person,,,,,,
404,,,,,,
45985.575,,,,,,
4805 Warnock Street,,,,,,
7th Day Adventist,,3. Sexual Abuse - New Jersey,Non-Catholic Religions (Adult),,Case State = NJ,"No ""minor"" case tag present"
7th Day Adventist,,4. Sexual Abuse - Pennsylvania,Non-Catholic Religions (Adult),,Case State = PA,"No ""minor"" case tag present"
7th Day Adventist ,"MINOR, Minor- Misc., NJ 3rd Party minor, NJ GENERAL (MINOR), NJ Minor Abuse Claim, NJ Minor claim, NJ Minors",3. Sexual Abuse - New Jersey,Non-Catholic Religions (Minor),,Case State = NJ,case also has one or more of the tags in column B
7th Day Adventist,"MINOR, Minor- Misc.",4. Sexual Abuse - Pennsylvania,Non-Catholic Religions (Minor),,Case State = PA,case also has one or more of the tags in column B
Abraxas,,4. Sexual Abuse - Pennsylvania ,Juvenile Detention Center,,Case State = PA,Plaintiff DOB is on or before 11/26/1989
Abraxas,,4. Sexual Abuse - Pennsylvania ,Juvenile Detention Center,,Case State = PA,Plaintiff DOB is on or before 11/26/1989
Abraxas (handled by CLG),,4. Sexual Abuse - Pennsylvania ,Juvenile Detention Center,,Case State = PA,Plaintiff DOB is on or before 11/26/1989
Abraxas (handled by CLG),,4. Sexual Abuse - Pennsylvania ,Juvenile Detention Center,,Case State = PA,Plaintiff DOB is on or before 11/26/1989
Abraxas Academy,,4. Sexual Abuse - Pennsylvania ,Juvenile Detention Center,,Case State = PA,Plaintiff DOB is on or before 11/26/1989
Abraxas Academy,,4. Sexual Abuse - Pennsylvania ,Juvenile Detention Center,,Case State = PA,Plaintiff DOB is on or before 11/26/1989
Abraxas Youth and Family Services,,4. Sexual Abuse - Pennsylvania ,Juvenile Detention Center,,Case State = PA,Plaintiff DOB is on or before 11/26/1989
Abraxas Youth and Family Services,,4. Sexual Abuse - Pennsylvania ,Juvenile Detention Center,,Case State = PA,Plaintiff DOB is on or before 11/26/1989
Abraxas Youth Center,,4. Sexual Abuse - Pennsylvania ,Juvenile Detention Center,,Case State = PA,Plaintiff DOB is on or before 11/26/1989
Abraxas Youth Center,,4. Sexual Abuse - Pennsylvania ,Juvenile Detention Center,,Case State = PA,Plaintiff DOB is on or before 11/26/1989
Abraxus,,4. Sexual Abuse - Pennsylvania ,Juvenile Detention Center,,Case State = PA,Plaintiff DOB is on or before 11/26/1989
Abraxus,,4. Sexual Abuse - Pennsylvania ,Juvenile Detention Center,,Case State = PA,Plaintiff DOB is on or before 11/26/1989
Absued at NJ Shore,,,,,,
Abused 06/2019 - SOL 7 years,,,,,,
Abused at NJ Shore,,,,,,
Abused by a brother,,,,,,
ABUSED BY FR. GALDON,,,,,,
Abused by gym teacher,,,,,,
Abused by religious order priest,,,,,,
Abused in NY,,,,,,
ACCESS Chester Community Center,,,,,,
Acclaim Rehabilitation and Care Center,,,,,,
Act one in Wilkesbarre PA,,,,,,
Adam Horowitz Referral,,,,,,
Adelphi Quality Home,,,,,,
Adelphi Village,,,,,,
Adelphoi Village,,,,,,
Adrian Moody Referral,,,,,,
Adult Abuse Case,,,,,,
Adult Case,,,,,,
Adult Sexual Abuse,,,,,,
Affidavit Only,,,,,,
After rescoring - Level 1,,,,,,
After TA Client,,,,,,
AH Referral,,,,,,
Allegany Dept of Human Services,,,,,,
Allegheny Detention Center,,,,,,
ALLENTOWN DIOCESE,,4. Sexual Abuse - Pennsylvania,Allentown Diocese Minor (DOB after 11/26/1989),,Case State = PA,Plaintiff DOB is after 11/26/1989
Also abused down in the shore in NJ,,,,,,
Also has claim against boy scouts,,,,,,
Altoona,,4. Sexual Abuse - Pennsylvania,Altoona-Johnstown Diocese Minor (DOB after 11/26/1989),,Case State = PA,Plaintiff DOB is after 11/26/1989
Altoona Johnstown Diocese,,4. Sexual Abuse - Pennsylvania,Altoona-Johnstown Diocese Minor (DOB after 11/26/1989),,Case State = PA,Plaintiff DOB is after 11/26/1989
Altoona-Johnston Diocese,,4. Sexual Abuse - Pennsylvania,Altoona-Johnstown Diocese Minor (DOB after 11/26/1989),,Case State = PA,Plaintiff DOB is after 11/26/1989
Anoopam Mission,"MINOR, Minor- Misc.",4. Sexual Abuse - Pennsylvania,Anoopam Mission (Minor),,Case State = PA,case also has one or more of the tags in column B
apostolic,"MINOR, Minor- Misc., NJ 3rd Party minor, NJ GENERAL (MINOR), NJ Minor Abuse Claim, NJ Minor claim, NJ Minors",3. Sexual Abuse - New Jersey,Non-Catholic Religions (Minor),,Case State = NJ,case also has one or more of the tags in column B
Archdiocese of Newark,,3. Sexual Abuse - New Jersey,Newark Archdiocese (Adult),,Case State = NJ,"No ""minor"" case tag present"
Archdiocese of Newark,"MINOR, Minor- Misc., NJ 3rd Party minor, NJ GENERAL (MINOR), NJ Minor Abuse Claim, NJ Minor claim, NJ Minors",3. Sexual Abuse - New Jersey,Newark Archdiocese (Minor),,Case State = NJ,case also has one or more of the tags in column B
Archdiocese of Philadelphia,,4. Sexual Abuse - Pennsylvania,Philadelphia Archdiocese,,Case State = PA,Plaintiff DOB is on or before 11/26/1989
Archdiocese of Philadelphia,,4. Sexual Abuse - Pennsylvania,Philadelphia Archdiocese Minor (DOB after 11/26/1989),,Case State = PA,Plaintiff DOB is after 11/26/1989
Arthur Brisbane Child Treatment Center,,3. Sexual Abuse - New Jersey,Child Welfare Agency,,Case State = NJ,
Atlas Rehabilitation & Healthcare at Daughters of Miriam,,,,,,
B&R Call In,,,,,,
BAD WITNESS,,,,,,
BAP,,,,,,
BAP - NO QD,, ,,,,
BAP - QD LEVEL 1,,,,,,
BAP before Advisory Board,,,,,,
BAP Ineligible,,,,,,
BAP Level 2,,,,,,
BAP NO QD,,,,,,
BAP UNFAVORABLE,,,,,,
Baptist,,3. Sexual Abuse - New Jersey,Non-Catholic Religions (Adult),,Case State = NJ,"No ""minor"" case tag present"
Baptist,"MINOR, Minor- Misc., NJ 3rd Party minor, NJ GENERAL (MINOR), NJ Minor Abuse Claim, NJ Minor claim, NJ Minors",3. Sexual Abuse - New Jersey,Non-Catholic Religions (Minor),,Case State = NJ,case also has one or more of the tags in column B
Baptist,,4. Sexual Abuse - Pennsylvania,Non-Catholic Religions,,Case State = PA,Plaintiff DOB is on or before 11/26/1989
Baptist,,4. Sexual Abuse - Pennsylvania,Non-Catholic Religions Minor (DOB after 11/26/1989),,Case State = PA,Plaintiff DOB is after 11/26/1989
Baptist Church,,3. Sexual Abuse - New Jersey,Non-Catholic Religions (Adult),,Case State = NJ,"No ""minor"" case tag present"
Baptist Church,"MINOR, Minor- Misc., NJ 3rd Party minor, NJ GENERAL (MINOR), NJ Minor Abuse Claim, NJ Minor claim, NJ Minors",3. Sexual Abuse - New Jersey,Non-Catholic Religions (Minor),,Case State = NJ,case also has one or more of the tags in column B
Baptist Church,,4. Sexual Abuse - Pennsylvania,Non-Catholic Religions,,Case State = PA,Plaintiff DOB is on or before 11/26/1989
Baptist Church,,4. Sexual Abuse - Pennsylvania,Non-Catholic Religions Minor (DOB after 11/26/1989),,Case State = PA,Plaintiff DOB is after 11/26/1989
Barrington BOE,,3. Sexual Abuse - New Jersey,School,,Case State = NJ,
Becky's Email: BBURKE@midwest-health.com,,,,,,
Berkeley Terrace Elementary School,,,,,,
Beth Baldinger Referral,,,,,,
Bethany Assembly of God,,,,,,
Bible Baptist Christian Academy,,,,,,
Big Brother & Big Sister,,4. Sexual Abuse - Pennsylvania,Big Brother Big Sister (DOB after 11/26/1989),,Case State = PA,Plaintiff DOB is after 11/26/1989
Big Brother & Big Sister,,4. Sexual Abuse - Pennsylvania,Big Brother Big Sister ,,Case State = PA,Plaintiff DOB is on or before 11/26/1989
Big Brother & Big Sister,,3. Sexual Abuse - New Jersey,Big Brother Big Sister,,Case State = NJ,
Bishop Neumann High School,,4. Sexual Abuse - Pennsylvania,Philadelphia Archdiocese (DOB after 11/26/1989),,Case State = PA,Plaintiff DOB is after 11/26/1989
Bishop Neumann High School,,4. Sexual Abuse - Pennsylvania,Philadelphia Archdiocese ,,Case State = PA,Plaintiff DOB is on or before 11/26/1989
Bobby Moak referral,,,,,,
Boy Scouts,,5. Sexual Abuse - General,BSA,,,
Boys & Girls Club (BGCA),,5. Sexual Abuse - General,Boys and Girls Clubs,,,
Boys and Girls Club,,5. Sexual Abuse - General,Boys and Girls Clubs,,,
BR Call-In,,,,,,
Brooke Glen Behavioral Hospital,,,,,,
Brooklyn Diocse,,,,,,
BROTHER DOES NOT KNOW ABOUT ABUSE!,,,,,,
Brother- not program eligible,,,,,,
Brother of Brian Dowd,,,,,,
Brother of Chris Adams,,,,,,
Brother of Craig Zappley,,,,,,
Brother of Edwin Cintron,,,,,,
Brother of Kevin O'Connor Dowd Sr.'s Estate,,,,,,
Brother of Michael Gonzales,,,,,,
brother of Michael Iossa,,,,,,
BROTHER of MICHAEL ZAPPLEY,,,,,,
Brother of Nelson Cintron,,,,,,
Brother to Josephine Baylis,,,,,,
BSA Claim,,5. Sexual Abuse - General,BSA,,,
Burlington County Juvenile Detention Center,,3. Sexual Abuse - New Jersey,Juvenile Detention Center,,Case State = NJ,
Byberry State Hospital,,,,,,
BYDC- Bensalem Youth Detention Center,,,,,,
Bypassing CDR - BAP,,,,,,
Byzantine - Eparchy of Passaic abuse,,,,,,
California Devereux,,,,,,
CALL CELL,,,,,,
Call Code Word: FINRA regarding C.A.T.,,,,,,
call house phone first,,,,,,
CALL/TEXT!! NO EMAIL.,,,,,,
Camden,,3. Sexual Abuse - New Jersey,Camden Diocese (Adult),,Case State = NJ,"No ""minor"" case tag present"
Camden,"MINOR, Minor- Misc., NJ 3rd Party minor, NJ GENERAL (MINOR), NJ Minor Abuse Claim, NJ Minor claim, NJ Minors",3. Sexual Abuse - New Jersey,Camden Diocese (Minor),,Case State = NJ,case also has one or more of the tags in column B
Camden County Juvenile Detention Center,,3. Sexual Abuse - New Jersey,Juvenile Detention Center,,Case State = NJ,
Camden Diocese,,3. Sexual Abuse - New Jersey,Camden Diocese (Adult),,Case State = NJ,"No ""minor"" case tag present"
Camden Diocese,"MINOR, Minor- Misc., NJ 3rd Party minor, NJ GENERAL (MINOR), NJ Minor Abuse Claim, NJ Minor claim, NJ Minors",3. Sexual Abuse - New Jersey,Camden Diocese (Minor),,Case State = NJ,case also has one or more of the tags in column B
Camp Gan Israel Poconos,,,,,,
Camp Lejeune,,Toxic Torts,Camp Lejeune Case - Not Death,How do we identify death vs. non-death?,,
CAN ANGER EASILY,,,,,,
Carmen DeGisi Referral,,,,,,
Catholic School,,,,,,
Catholic Social Services of Philadelphia,,,,,,
Catholic University,,,,,,
CCIU Eligible,,,,,,
CDR COMPLETE,,,,,,
Cedar Brook Detention,,,,,,
Central Elementary School,,,,,,
Chartwell Manor,,3. Sexual Abuse - New Jersey,School,,Case State = NJ,
Child Support Lien,,,,,,
Children Of The Future Daycare Inc,,,,,,
Children's Home of Easton,,,,,,
Children's home of York-Tindall House,,,,,,
Children's Services,,,,,,
Christian Home of Johnstown,,,,,,
CHURCH,,,,,,
Church of the Lord Jesus Christ  Apostolic Faith,,,,,,
Claim form received,,,,,,
Claim Form Submitted,,,,,,
Claim forms received,,,,,,
Claim from received,,,,,,
Claim registerd,,,,,,
Claim registerd 5/10/19,,,,,,
Claim registered,,,,,,
Claim registered 5/3/19,,,,,,
Claim registered.,,,,,,
Claim regsitered,,,,,,
Claim submitted,,,,,,
CLG,,,,,,
CLG ONLY - IN SUIT,,,,,,
CLG Referral,,,,,,
CLG Referral - VQ,,,,,,
Client,,,,,,
client ask to receive an email or writing that her identity will be confidential and will not be posted publicly before filing her case,,,,,,
CLIENT DECLARED BANKRUPTCY- NEED TO CONTACT TRUSTEE WHEN SETTLEMENT,,,,,,
CLIENT IS DECEASED- CALL MOTHER!,,,,,,
Client Referral - Nicholas Somers,,,,,,
Client wants to speak with Marty before filing anything.,,,,,,
Client Yvette James' sister,,,,,,
Coach,,,,,,
Coatesville Methodist Church,,,,,,
Colorado Devereux,,,,,,
Columbia County Dept. of Youth Services,,,,,,
CONTACT VIA EMAIL,,,,,,
Contacted after program end date,,,,,,
Convicted of 3rd Degree Murder,,,,,,
Cousin Tonya Johnson Companion Case,,,,,,
Covered Bridge Loan,,,,,,
CPAP,,Defective Medical Devices,Philips CPAP,,,
CPAP ALSO,,,,,,
CPM - L -000485-21,,,,,,
Crestwood Services,,,,,,
CROSSOVER,,,,,,
Crossover NJ,,,,,,
Crossover NY,,,,,,
CSA- NJ Church,,,,,,
CSA-PA,,,,,,
CT Devereux,,,,,,
Cumberland County Juvenile Center,,3. Sexual Abuse - New Jersey,Juvenile Detention Center,,Case State = NJ,
D Requested Recs,,,,,,
Daniel Rice,,,,,,
Dansville Treatment Unit,,,,,,
Danville Center for Adolescent Females,,,,,,
Danville State Psychiatric Hospital,,,,,,
DD+GM,,,,,,
De Llano referral,,,,,,
Deceased,,,,,,
Deceased from COVID,,,,,,
Declined IVCP Offer,,,,,,
Delaware PA Detention,,,,,,
Delbarton School Case,,3. Sexual Abuse - New Jersey,School,,Case State = NJ,
Dept of Children's Services,,,,,,
Dept. Of Children's Services,,,,,,
Dept. of Human Services,,,,,,
DEV - TD,,,,,,
Devereux,,4. Sexual Abuse - Pennsylvania,Devereux ,,Case State = PA,Plaintiff DOB is on or before 11/26/1989
Devereux - CT,,4. Sexual Abuse - Pennsylvania,Devereux ,,Case State = PA,Plaintiff DOB is on or before 11/26/1989
Devereux Brandywine,,4. Sexual Abuse - Pennsylvania,Devereux ,,Case State = PA,Plaintiff DOB is on or before 11/26/1989
Devereux School Abuse,,4. Sexual Abuse - Pennsylvania,Devereux ,,Case State = PA,Plaintiff DOB is on or before 11/26/1989
Deveruex,,4. Sexual Abuse - Pennsylvania,Devereux ,,Case State = PA,Plaintiff DOB is on or before 11/26/1989
Devereux,,4. Sexual Abuse - Pennsylvania,Devereux Minor (DOB after 11/26/1989),,Case State = PA,Plaintiff DOB is after 11/26/1989
Devereux - CT,,4. Sexual Abuse - Pennsylvania,Devereux Minor (DOB after 11/26/1989),,Case State = PA,Plaintiff DOB is after 11/26/1989
Devereux Brandywine,,4. Sexual Abuse - Pennsylvania,Devereux Minor (DOB after 11/26/1989),,Case State = PA,Plaintiff DOB is after 11/26/1989
Devereux School Abuse,,4. Sexual Abuse - Pennsylvania,Devereux Minor (DOB after 11/26/1989),,Case State = PA,Plaintiff DOB is after 11/26/1989
Deveruex,,4. Sexual Abuse - Pennsylvania,Devereux Minor (DOB after 11/26/1989),,Case State = PA,Plaintiff DOB is after 11/26/1989
DHS Case,,,,,,
Diocese of Camden,,3. Sexual Abuse - New Jersey,Camden Diocese (Adult),,Case State = NJ,"No ""minor"" case tag present"
Diocese of Camden,"MINOR, Minor- Misc., NJ 3rd Party minor, NJ GENERAL (MINOR), NJ Minor Abuse Claim, NJ Minor claim, NJ Minors",3. Sexual Abuse - New Jersey,Camden Diocese (Minor),,Case State = NJ,case also has one or more of the tags in column B
Diocese of Greenburg,,4. Sexual Abuse - Pennsylvania,Greensburg Diocese,,Case State = PA,Plaintiff DOB is on or before 11/26/1989
Diocese of Greenburg,,4. Sexual Abuse - Pennsylvania,Greensburg Diocese Minor (DOB after 11/26/1989), ,Case State = PA,Plaintiff DOB is after 11/26/1989
Diocese of Metuchen,,3. Sexual Abuse - New Jersey,Metuchen Diocese (Adult),,Case State = NJ,"No ""minor"" case tag present"
Diocese of Metuchen,"MINOR, Minor- Misc., NJ 3rd Party minor, NJ GENERAL (MINOR), NJ Minor Abuse Claim, NJ Minor claim, NJ Minors",3. Sexual Abuse - New Jersey,Metuchen Diocese (Minor),,Case State = NJ,case also has one or more of the tags in column B
Diocese of Paterson,,3. Sexual Abuse - New Jersey,Paterson Diocese (Adult),,Case State = NJ,"No ""minor"" case tag present"
Diocese of Paterson,"MINOR, Minor- Misc., NJ 3rd Party minor, NJ GENERAL (MINOR), NJ Minor Abuse Claim, NJ Minor claim, NJ Minors",3. Sexual Abuse - New Jersey,Paterson Diocese (Minor),,Case State = NJ,case also has one or more of the tags in column B
Diocese of Pittsburgh,,4. Sexual Abuse - Pennsylvania,Pittsburgh Diocese,,Case State = PA,Plaintiff DOB is on or before 11/26/1989
Diocese of Pittsburgh,,4. Sexual Abuse - Pennsylvania,Pittsburgh Diocese Minor (DOB after 11/26/1989),,Case State = PA,Plaintiff DOB is after 11/26/1989
Diocese of Scranton,,4. Sexual Abuse - Pennsylvania,Scranton Diocese,,Case State = PA,Plaintiff DOB is on or before 11/26/1989
Diocese of Scranton,,4. Sexual Abuse - Pennsylvania,Scranton Diocese Minor (DOB after 11/26/1989),,Case State = PA,Plaintiff DOB is after 11/26/1989
Diocese of Trenton,,3. Sexual Abuse - New Jersey,Trenton Diocese (Adult),,Case State = NJ,"No ""minor"" case tag present"
Diocese of Trenton,"MINOR, Minor- Misc., NJ 3rd Party minor, NJ GENERAL (MINOR), NJ Minor Abuse Claim, NJ Minor claim, NJ Minors",3. Sexual Abuse - New Jersey,Trenton Diocese (Minor),,Case State = NJ,case also has one or more of the tags in column B
Diocese of Wilmington,,,,,,
Discrimination,,,,,,
DO NOT CALL BEFORE TEXTING,,,,,,
DO NOT REP,,,,,,
DO NOT REP/HIRED ANOTHER FIRM,,,,,,
DO NOT REPRESENT,,,,,,
DO NOT SEND ANY MAIL!!,,,,,,
Do not send anything via mail. ONLY EMAIL.,,,,,,
DO NOT SEND COPY OF FINALIZED CLAIM FORM,,,,,,
DO NOT SEND EMAIL!,,,,,,
DO NOT SEND MAIL TO HOUSE,,,,,,
DO NOT SPEAK WITH HUSBAND,,,,,,
DO NOT USE THIS HR PROFILE- ALSO HAS STG PROFILE,,,,,,
DO NOT USE THIS HR PROFILE-DUPLICATE,,,,,,
Doctor Case,,3. Sexual Abuse - New Jersey,Medical Professional (Adult),,Case State = NJ,"No ""minor"" case tag present"
Doctor Case,"MINOR, Minor- Misc., NJ 3rd Party minor, NJ GENERAL (MINOR), NJ Minor Abuse Claim, NJ Minor claim, NJ Minors",3. Sexual Abuse - New Jersey,Medical Professional (Minor),,Case State = NJ,case also has one or more of the tags in column B
DOES NOT KNOW NAME,,,,,,
DOES NOT MEET CRITERIA,,,,,,
Does not want to participate,,,,,,
DOES NOT WANT TO PROCEED W EBE SCHEDULING,,,,,,
DOES NOT WANT TO PROCEED WITH CLAIM,,,,,,
does not want to pursue,,,,,,
Dominique McKillop,,,,,,
DP,,,,,,
Drug and ETOH,,,,,,
Dual Rep - Fegan Scott,,,,,,
Dual Rep (CLG and SSS),,,,,,
Dual rep w Berger,,,,,,
Dual rep w CLG,,,,,,
Dual rep w D. Miller,,,,,,
Dual rep w Eisenberg,,,,,,
Dual rep w LK,,,,,,
dual rep w SSS,,,,,,
DUAL REP w/ Herman Law,,,,,,
Dual rep w/ LK,,,,,,
Dual Rep w/ Rod Dellano,,,,,,
dual-representation,,,,,,
DUEL REP WITH ADAM HOROWITZ,,,,,,
DUEL REP WITH SSS- SEE OTHER LISTING FOR THIS CLIENT,,,,,,
DUPLICATE,,,,,,
DUPLICATE HR LISTING- See other notes for Brandon Patterson,,,,,,
DV client's brother,,,,,,
DYFS,,,,,,
Edelson Firm Referral, ,,,,,
Edison Township School District,,3. Sexual Abuse - New Jersey,School,,Case State = NJ,
Edmund L Thomas Shelter,,,,,,
Edna Mahan Correctional Facility,,,,,,
Eihab Human Services,,,,,,
Eisenhower Middle-High School,,,,,,
Eligibility for Expanded BAP Examination,,,,,,
Eligible for Expanded BAP Exam,,,,,,
Elk County Child Youth Services,,,,,,
EMAIL DOCS ONLY!! DO NOT MAIL ANYTHING!,,,,,,
EMAIL ONLY,,,,,,
EMAIL ONLY! DO NOT MAIL DOCS,,,,,,
EMAIL ONLY! DO NOT MAIL!!!,,,,,,
EO,,,,,,
Erie,,,,,,
Erie County Juvenile Detention,,,,,,
Erie County Juvenile Detention Center,,,,,,
Erie County Perseus,,,,,,
Erie Diocese,,4. Sexual Abuse - Pennsylvania,Erie Diocese,,Case State = PA,Plaintiff DOB is on or before 11/26/1989
Erie Diocese,,4. Sexual Abuse - Pennsylvania,Erie Diocese (DOB after 11/26/1989),,Case State = PA,Plaintiff DOB is after 11/26/1989
Essex County Juvenile Detention Center,,3. Sexual Abuse - New Jersey,New Jersey Detention Center - Essex County,,Case State = NJ,
Ethen Ostroff Referral,,,,,,
Eugene Petrov Case,,3. Sexual Abuse - New Jersey,School,,Case State = NJ,
Evangelic,,,,,,
Evangelical Lutheran,"MINOR, Minor- Misc., NJ 3rd Party minor, NJ GENERAL (MINOR), NJ Minor Abuse Claim, NJ Minor claim, NJ Minors",3. Sexual Abuse - New Jersey,Non-Catholic Religions (Minor),,Case State = NJ,case also has one or more of the tags in column B
Ewing Board of Ed,,3. Sexual Abuse - New Jersey,School,,Case State = NJ,
Ewing Board of Education Lore Elementary School Raymond Miller,,3. Sexual Abuse - New Jersey,School,,Case State = NJ,
EXP BAP - QD LEVEL 1,,,,,,
EXP BAP RESULTS - Level 1.5,,,,,,
EXP BAP RESULTS - NO QD,,,,,,
EXP BAP RESULTS - QD LEVEL 2,,,,,,
Exp. BAP Exam,,,,,,
Exp. BAP Result - NO QD,,,,,,
Expanded BAP Results - LEVEL 1,,,,,,
Expanded BAP Results - NO QD,,,,,,
Extended BAP Exam,,,,,,
Failed Validity - now BAP,,,,,,
Fairmount Behavioral Hospital,,4. Sexual Abuse - Pennsylvania,General Sexual Abuse,,Case State = PA,Plaintiff DOB is on or before 11/26/1989
FEE SHARING AGREEMENT WITH ROD DELLANO,,,,,,
Feldman Shepherd- Paul Lauricella Referral,,,,,,
First Spanish Assembly Of God,,,,,,
First United Methodist Church,"MINOR, Minor- Misc., NJ 3rd Party minor, NJ GENERAL (MINOR), NJ Minor Abuse Claim, NJ Minor claim, NJ Minors",3. Sexual Abuse - New Jersey,Non-Catholic Religions (Minor),,Case State = NJ,case also has one or more of the tags in column B
Florida Devereux,,,,,,
FOR SETTLEMENT- REMEMBER LETTER OF PROTECTION!,,,,,,
Foster Home,,,,,,
Franciscan,,,,,,
FRANK passed away 04/30/21,,,,,,
Friend of Eric Myers,,,,,,
Friend of Leonard Mann,,,,,,
Friend of Mike Delguerico,,,,,,
Friend of Peter Bonastia,,,,,,
Friends with Daniel McHugh,,,,,,
Friends with John Byrne,,,,,,
Gabriel's Hall,,,,,,
Gannondale School for Girls,,,,,,
Geoff Budden Referral,,,,,,
George Jr Republic,,4. Sexual Abuse - Pennsylvania,Juvenile Detention Center,,Case State = PA,Plaintiff DOB is on or before 11/26/1989
George Jr. Academy,,4. Sexual Abuse - Pennsylvania,Juvenile Detention Center,,Case State = PA,Plaintiff DOB is on or before 11/26/1989
George Jr. Academy PA,,4. Sexual Abuse - Pennsylvania,Juvenile Detention Center,,Case State = PA,Plaintiff DOB is on or before 11/26/1989
George Junior Republic,,4. Sexual Abuse - Pennsylvania,Juvenile Detention Center,,Case State = PA,Plaintiff DOB is on or before 11/26/1989
George Junior Republic Institution in PA,,4. Sexual Abuse - Pennsylvania,Juvenile Detention Center,,Case State = PA,Plaintiff DOB is on or before 11/26/1989
George W Hill Correctional Facility,,4. Sexual Abuse - Pennsylvania,Juvenile Detention Center,,Case State = PA,Plaintiff DOB is on or before 11/26/1989
Girard Academic Music Program;,,,,,,
Girl Scouts of America,,,,,,
Glade Run,,,,,,
Gladerun Lutheran Services,,,,,,
glen,,,,,,
Glen Brook Rehabilitation and Healthcare Center,,,,,,
Glen Mills,,4. Sexual Abuse - Pennsylvania,Glen Mills School,,Case State = PA,Plaintiff DOB is on or before 11/26/1989
Glen Mills,,4. Sexual Abuse - Pennsylvania,Glen Mills School Minor (DOB after 11/26/1989),,Case State = PA,Plaintiff DOB is after 11/26/1989
Glen Mills - 185 Glen Mills Rd Glen Mills PA 19342,,4. Sexual Abuse - Pennsylvania,Glen Mills School,,Case State = PA,Plaintiff DOB is on or before 11/26/1989
Glen Mills - 185 Glen Mills Rd Glen Mills PA 19342,,4. Sexual Abuse - Pennsylvania,Glen Mills School Minor (DOB after 11/26/1989),,Case State = PA,Plaintiff DOB is after 11/26/1989
Glen Mills - Tolling Agreement,,4. Sexual Abuse - Pennsylvania,Glen Mills School,,Case State = PA,Plaintiff DOB is on or before 11/26/1989
Glen Mills - Tolling Agreement,,4. Sexual Abuse - Pennsylvania,Glen Mills School Minor (DOB after 11/26/1989),,Case State = PA,Plaintiff DOB is after 11/26/1989
Glen Mills School,,4. Sexual Abuse - Pennsylvania,Glen Mills School,,Case State = PA,Plaintiff DOB is on or before 11/26/1989
Glen Mills School,,4. Sexual Abuse - Pennsylvania,Glen Mills School Minor (DOB after 11/26/1989),,Case State = PA,Plaintiff DOB is after 11/26/1989
Glen Mills-TD,,4. Sexual Abuse - Pennsylvania,Glen Mills School,,Case State = PA,Plaintiff DOB is on or before 11/26/1989
Glen Mills-TD,,4. Sexual Abuse - Pennsylvania,Glen Mills School Minor (DOB after 11/26/1989),,Case State = PA,Plaintiff DOB is after 11/26/1989
Gloucester City High School,,3. Sexual Abuse - New Jersey,School,,Case State = NJ,
GM,,,,,,
GM - TD,,,,,,
GM + DP,,,,,,
GMS,,,,,,
Goes by Bill,,,,,,
Goes by Chris,,,,,,
Goes by Jeff,,,,,,
Goes by Jerry,,,,,,
Goes by Joe,,,,,,
Goes by Kenny,,,,,,
Goes by Nico,,,,,,
Goes by Reggie,,,,,,
Goes by Ted,,,,,,
GOOD CASE,,,,,,
GOOD CASE- BAD ABUSE,,,,,,
GOOD WITNESS,,,,,,
Greensburg,,4. Sexual Abuse - Pennsylvania,Greensburg Diocese,,Case State = PA,Plaintiff DOB is on or before 11/26/1989
Greensburg,,4. Sexual Abuse - Pennsylvania,Greensburg Diocese Minor (DOB after 11/26/1989),,Case State = PA,Plaintiff DOB is after 11/26/1989
Greensburg Catholic High School,,,,,,
Greensburg Questionaire completed,,,,,,
Greensburg Questionnaire submitted 5/20,,,,,,
Greensburg questionnaire sumbitted 5/20,,,,,,
Greg Gianfarcaro Referral,,,,,,
Greg Gianforcaro referral,,,,,,
Greg Gianfracaro,,,,,,
Grungo & Colarula Referral,,,,,,
Hampton Behavioral Health Center,,,,,,
Harborcreek Youth Services,,,,,,
Harborfields Atlantic Youth Center,,,,,,
Harrisburg Diocese,,4. Sexual Abuse - Pennsylvania,Harrisburg Diocese,,Case State = PA,Plaintiff DOB is on or before 11/26/1989
Harrisburg Diocese,,4. Sexual Abuse - Pennsylvania,Harrisburg Diocese Minor (DOB after 11/26/1989),,Case State = PA,Plaintiff DOB is after 11/26/1989
Harrisburg Questionaire completed,,,,,,
HAS ANOTHER LAWYER,,,,,,
HAS LOANS,,,,,,
Hazing,,,,,,
Hedonism II,,,,,,
Herlich Juvenile Detention Center,,3. Sexual Abuse - New Jersey,Juvenile Detention Center,,Case State = NJ,
Hermitage House,,,,,,
Highrise,,,,,,
Hired Another Firm,,,,,,
Hired New Firm Sacco & Fillas,,,,,,
Holy Family Institute,,,,,,
HOMELESS,,,,,,
Hospital,,,,,,
Hudson County Juvenile Detention Center,,,,,,
Hudson County Youth House,,,,,,
Hudson Foster Home,,,,,,
IF INELGIBLE- LET CM KNOW,,,,,,
IF INELIGIBLE- LET CM KNOW,,,,,,
IF NOT ELIGIBLE- LET CM KNOW,,,,,,
IN JAIL,,,,,,
IN SOL,,,,,,
IN STATUE,,,,,,
In Statute,,,,,,
IN SUIT,,,,,,
IN SUIT - DEV,,,,,,
IN SUIT - STG,,,,,,
IN SUIT - STG (CLG ONLY),,,,,,
IN SUIT - STG ONLY,,,,,,
IN SUIT - VQ,,,,,,
IN SUIT - VQ ONLY,,,,,,
IN SUIT (filed by CLG),,,,,,
In Suit @SSS,,,,,,
In Suit-GMS SFC,,,,,,
inc,,,,,,
Incarcerated,,,,,,
Incarcerated - Federal,,,,,,
Incarcerated - Federal Detention Center,,,,,,
Incarcerated - SCI Albion,,,,,,
Incarcerated - SCI Chester,,,,,,
Incarcerated SCI Rockview,,,,,,
INCLUDE MIDDLE IN MAIL- SON SHARES SAME NAME AND LIVES AT HOME- MIDDLE INITIAL TO I.D. CLIENT,,,,,,
Ineligible for IRRP program,,,,,,
Ineligible For IVCP,,,,,,
Ineligible for program,,,,,,
Ineligible IRCP,,,,,,
INELIGIBLE TO RECEIVE SETTLEMENT FUNDS,,,,,,
INJECTIONS AND/OR SURGERY PERFORMED,,,,,,
Inmate # 1177536,,,,,,
Insight through Virtua Primary Care,,,,,,
IN-SUIT,,,,,,
IN-SUIT GMS SFC,,,,,,
In-suit Writ of Summons,,,,,,
Interested in Counseling,,,,,,
International Client,,,,,,
Isaacs Foster Home,,,,,,
JAA Referral,,,,,,
JAA/Greg Referral,,,,,,
Jamesburg Training School for Boys,,3. Sexual Abuse - New Jersey,New Jersey Detention Center - State Facilities- MCL,,Case State = NJ,
JB + DP,,,,,,
JCC,,,,,,
Jefferson Abington Hospital,,,,,,
Jehovahs Witness,,3. Sexual Abuse - New Jersey,Non-Catholic Religions (Adult),,Case State = NJ,"No ""minor"" case tag present"
Jehovahs Witness,"MINOR, Minor- Misc., NJ 3rd Party minor, NJ GENERAL (MINOR), NJ Minor Abuse Claim, NJ Minor claim, NJ Minors",3. Sexual Abuse - New Jersey,Non-Catholic Religions (Minor),,Case State = NJ,case also has one or more of the tags in column B
Jehovahs Witness,,4. Sexual Abuse - Pennsylvania,Non-Catholic Religions Minor (DOB after 11/26/1989),,Case State = PA,Plaintiff DOB is after 11/26/1989
Jehovahs Witness,,4. Sexual Abuse - Pennsylvania,Non-Catholic Religions ,,Case State = PA,Plaintiff DOB is on or before 11/26/1989
John Cuff's brother,,,,,,
John Falciani Referral,,,,,,
John likes,,,,,,
John Wieder Esq. Referral,,,,,,
Joseph C. Caruso,,,,,,
Joseph Traub Referral,,,,,,
JR Masterman School,,,,,,
Juvenile Justice Services Center,,3. Sexual Abuse - New Jersey,Juvenile Detention Center,,Case State = NJ,
Juvenile Medium Security Facility,,3. Sexual Abuse - New Jersey,New Jersey Detention Center - State Facilities - MCL,,Case State = NJ,
KEEP CONFIDENTIAL,,,,,,
Keystone Adolescent Center,,,,,,
KidsPeace,,4. Sexual Abuse - Pennsylvania,Kids Peace,,Case State = PA,Plaintiff DOB is on or before 11/26/1989
KidsPeace,,4. Sexual Abuse - Pennsylvania,Kids Peace Minor (DOB after 11/26/1989),,Case State = PA,Plaintiff DOB is after 11/26/1989
Kingdom Life Childcare,,,,,,
Knights of Columbus,,,,,,
Kwartler Manus Referral,,,,,,
Lackawanna County Children's Services,,,,,,
Lackawanna County Juvenile Detention,,,,,,
Lancaster County,,,,,,
Lancaster County Juvenile Detention,,,,,,
Lancaster Youth Intervention Center,,,,,,
LATE FILER,,,,,,
Laura Ahearn Referral,,,,,,
LawCash/Cartiga,,,,,,
Lay Person,,,,,,
LBFR Call In,,,,,,
LBFR Call-In,,,,,,
Legal Bay Funding LLC,,,,,,
Lehigh County Facility,,,,,,
Leonia BOE,,,,,,
Letter of Protection,,,,,,
LEVEL 1,,,,,,
LEVEL 1 - SUPPLEMENTAL BENEFITS,,,,,,
Level 1 QD,,,,,,
Levinson Axelrod Referral,,,,,,
Levy Konigsberg Ref,,,,,,
Lima Detention Center,,4. Sexual Abuse - Pennsylvania,Juvenile Detention Center ,,Case State = PA,Plaintiff DOB is on or before 11/26/1989
Lima Detention Center -TD,,,,,,
LIMITED TORT/LIMITATION ON LAWSUIT,,,,,,
Lisa Carcel's sister,,,,,,
Lisa Dorn (Derivative Claimant),,,,,,
Little League Coach,,3. Sexual Abuse - New Jersey,Little League,,Case State = NJ,
LIVES WITH MOTHER- SEND ALL CORRESPONDENCE TO PRIVATE MAIL BOX!!,,,,,,
LOAN,,,,,,
LOP to crim defense atty,,,,,,
Loysville Youth Development Center,,,,,,
MAF,,,,,,
MAF - NO QD,,,,,,
Maguire AFB,,,,,,
Malvern Treatment Center,,,,,,
Mander Summer Camp,,,,,,
Marcus,,,,,,
Marist Brothers,,,,,,
Martin Luther King High School,,,,,,
Matt Solomon Referral,,,,,,
Medicaid,,,,,,
Medical Treatment,,,,,,
Medicare LIEN,,,,,,
Mental Health and Mental Retardation (MHR),,,,,,
MENTION LEVY BALDANTE WHEN CALLING DO NOT MENTION CASE,,,,,,
Messiah's Light House,,,,,,
Metuchen,,3. Sexual Abuse - New Jersey,Metuchin Diocese (Adult),,Case State = NJ,"No ""minor"" case tag present"
Metuchen,"MINOR, Minor- Misc., NJ 3rd Party minor, NJ GENERAL (MINOR), NJ Minor Abuse Claim, NJ Minor claim, NJ Minors",3. Sexual Abuse - New Jersey,Metuchin Diocese (Minor),,Case State = NJ,case also has one or more of the tags in column B
MHY Family Services,,,,,,
Michigan,,,,,,
Middlesex County Jail,,3. Sexual Abuse - New Jersey,New Jersey Detention Centre- Middlesex County,,Case State = NJ,
Middlesex County Shelter,,,,,,
Middlesex County Youth Services,,,,,,
MINOR,,,,,,
Minor- Misc.,,,,,,
Missed TA client,,,,,,
Missing CLG File,,,,,,
MJ DOE v. Devereux,,,,,,
Monmouth County Juvenile,,3. Sexual Abuse - New Jersey,Juvenile Detention Center,,Case State = NJ,
Monsignor Bonner & Archbishop Prendergast Catholic High School,,4. Sexual Abuse - Pennsylvania,Philadelphia Archdiocese Minor (DOB after 11/26/1989),,Case State = PA,Plaintiff DOB is after 11/26/1989
Monsignor Bonner & Archbishop Prendergast Catholic High School,,4. Sexual Abuse - Pennsylvania,Philadelphia Archdiocese,,Case State = PA,Plaintiff DOB is on or before 11/26/1989
Montgomery County Youth Center,,4. Sexual Abuse - Pennsylvania,Juvenile Detention Center,,Case State = PA,Plaintiff DOB is on or before 11/26/1989
Montgomery County Youth Correctional Facility,,4. Sexual Abuse - Pennsylvania,Juvenile Detention Center,,Case State = PA,Plaintiff DOB is on or before 11/26/1989
Montgomery Youth Center,,4. Sexual Abuse - Pennsylvania,Juvenile Detention Center,,Case State = PA,Plaintiff DOB is on or before 11/26/1989
Morris County Juvenile Detention Center,,3. Sexual Abuse - New Jersey,Juvenile Detention Center,,Case State = NJ,
Mt. Airy Playground Rec Center,,,,,,
MUST BE FILED AS JOHN DOE,,,,,,
mycase,,,,,,
Nancy Sapp's Cousin,,,,,,
Nancy Sapp's Sister,,,,,,
Nancy Winkler at Eisenberg Rothweiler Referral,,,,,,
Needs CDR,,,,,,
New,,,,,,
New Address 4184 Irish Highland Dr.,,,,,,
New Jersey Training School,,,,,,
New Jersey Training School for boys,,,,,,
New Light Baptist,"MINOR, Minor- Misc., NJ 3rd Party minor, NJ GENERAL (MINOR), NJ Minor Abuse Claim, NJ Minor claim, NJ Minors",3. Sexual Abuse - New Jersey,Non-Catholic Religions (Minor),,Case State = NJ,case also has one or more of the tags in column B
Newark,,3. Sexual Abuse - New Jersey,Newark Archdiocese (Adult),,Case State = NJ,"No ""minor"" case tag present"
Newark,"MINOR, Minor- Misc., NJ 3rd Party minor, NJ GENERAL (MINOR), NJ Minor Abuse Claim, NJ Minor claim, NJ Minors",3. Sexual Abuse - New Jersey,Newark Archdiocese (Minor),,Case State = NJ,case also has one or more of the tags in column B
Newark Ar,,3. Sexual Abuse - New Jersey,Newark Archdiocese (Adult),,Case State = NJ,"No ""minor"" case tag present"
Newark Ar,"MINOR, Minor- Misc., NJ 3rd Party minor, NJ GENERAL (MINOR), NJ Minor Abuse Claim, NJ Minor claim, NJ Minors",3. Sexual Abuse - New Jersey,Newark Archdiocese (Minor),,Case State = NJ,case also has one or more of the tags in column B
Newark Archdiocese,,3. Sexual Abuse - New Jersey,Newark Archdiocese (Adult),,Case State = NJ,"No ""minor"" case tag present"
Newark Archdiocese,"MINOR, Minor- Misc., NJ 3rd Party minor, NJ GENERAL (MINOR), NJ Minor Abuse Claim, NJ Minor claim, NJ Minors",3. Sexual Abuse - New Jersey,Newark Archdiocese (Minor),,Case State = NJ,case also has one or more of the tags in column B
Next Level Martial Arts,,,,,,
NFL,,,,,,
NJ,,,,,,
NJ  Claim,,,,,,
NJ - Non Catholic Church,,,,,,
NJ 3rd Party,,,,,,
NJ 3rd Party Case,,,,,,
NJ 3rd Party minor,,,,,,
NJ ADULT,,,,,,
NJ Adult Case,,,,,,
NJ Archdiocese,,,,,,
NJ Baptist Church,"MINOR, Minor- Misc., NJ 3rd Party minor, NJ GENERAL (MINOR), NJ Minor Abuse Claim, NJ Minor claim, NJ Minors",3. Sexual Abuse - New Jersey,Non-Catholic Religion (Minor),,Case State = NJ,case also has one or more of the tags in column B
NJ Chuch,,,,,,
NJ Church,,,,,,
NJ Church Claim,,,,,,
NJ Crossover,,,,,,
NJ Crossover Case,,,,,,
NJ crossover claim,,,,,,
NJ- CSA/Medical Setting,,,,,,
NJ CVA,,,,,,
NJ Dentention Center,,,,,,
NJ Detention Center,,,,,,
NJ Doctor,,3. Sexual Abuse - New Jersey,Medical Professional (Adult),,Case State = NJ,"No ""minor"" case tag present"
NJ Doctor,"MINOR, Minor- Misc., NJ 3rd Party minor, NJ GENERAL (MINOR), NJ Minor Abuse Claim, NJ Minor claim, NJ Minors",3. Sexual Abuse - New Jersey,Medical Professional (Minor),,Case State = NJ,case also has one or more of the tags in column B
NJ Does Meet Criteria,,,,,,
NJ Dr. Renner,,3. Sexual Abuse - New Jersey,Medical Professional (Adult),,Case State = NJ,"No ""minor"" case tag present"
NJ Dr. Renner,"MINOR, Minor- Misc., NJ 3rd Party minor, NJ GENERAL (MINOR), NJ Minor Abuse Claim, NJ Minor claim, NJ Minors",3. Sexual Abuse - New Jersey,Medical Professional (Minor),,Case State = NJ,case also has one or more of the tags in column B
NJ DYFS,,3. Sexual Abuse - New Jersey,Child Welfare Agency,,Case State = NJ,
NJ Episcopal Church,"MINOR, Minor- Misc., NJ 3rd Party minor, NJ GENERAL (MINOR), NJ Minor Abuse Claim, NJ Minor claim, NJ Minors",3. Sexual Abuse - New Jersey,Non-Catholic Religion (Minor),,Case State = NJ,case also has one or more of the tags in column B
NJ GENERAL (MINOR),,,,,,
NJ Juvenile Detention Center,,3. Sexual Abuse - New Jersey,Juvenile Detention Center,,Case State = NJ,
NJ Minor Abuse Claim,,,,,,
NJ Minor claim,,,,,,
NJ Minors,,,,,,
NJ non-catholic church,,,,,,
NJ Non-Program,,,,,,
NJ Orthodox Church,,,,,,
NJ Police Athletic League (PAL),,,,,,
NJ Religious Order,,3. Sexual Abuse - New Jersey,Religious Orders (Adult),,Case State = NJ,"No ""minor"" case tag present"
NJ Religious Order,"MINOR, Minor- Misc., NJ 3rd Party minor, NJ GENERAL (MINOR), NJ Minor Abuse Claim, NJ Minor claim, NJ Minors",3. Sexual Abuse - New Jersey,Religious Orders (Minor),,Case State = NJ,case also has one or more of the tags in column B
NJ School,,3. Sexual Abuse - New Jersey,School,,Case State = NJ,
NJ School Case,,3. Sexual Abuse - New Jersey,School,,Case State = NJ,
NJ School Claim,,3. Sexual Abuse - New Jersey,School,,Case State = NJ,
NJ Schools,,3. Sexual Abuse - New Jersey,School,,Case State = NJ,
NJ Sex Abuse Case,,,,,,
NJ Training School for Boys,,3. Sexual Abuse - New Jersey,New Jersey Dentention Center- State Facilities - MCL,,Case State = NJ,
NJ Youth Advocate,,3. Sexual Abuse - New Jersey,,,Case State = NJ,
NJ-Doctor,,3. Sexual Abuse - New Jersey,Medical Professional (Adult),,Case State = NJ,"No ""minor"" case tag present"
NJ-Doctor,"MINOR, Minor- Misc., NJ 3rd Party minor, NJ GENERAL (MINOR), NJ Minor Abuse Claim, NJ Minor claim, NJ Minors",3. Sexual Abuse - New Jersey,Medical Professional (Minor),,Case State = NJ,case also has one or more of the tags in column B
NJTS,,3. Sexual Abuse - New Jersey,New Jersey Dentention Center- State Facilities - MCL,,Case State = NJ,
NO EMAIL-WIFE DOES NOT KNOW,,,,,,
NO LONGER REPRESENT,,,,,,
NO LONGER REPRESENT-HIRED NEW FIRM,,,,,,
NO LONGER REPRESENTING,,,,,,
NO MAIL-JUST EMAIL!!,,,,,,
No medical treatment,,,,,,
NO MEDICARE LIEN,,,,,,
NO MEDICARE OR MEDICAID,,,,,,
NO MORE LOANS,,,,,,
NO MORE LOANS!,,,,,,
No name - TD,,,,,,
NO QD,,,,,,
No retainer yet,,,,,,
Noah Goodman,,,,,,
Non- Clergy,,,,,,
Non-Catholic,,,,,,
Non-Catholic Religion,,,,,,
NON-Clergy,,,,,,
NON-Clergy - Newark,,,,,,
Non-Client inquiry,,,,,,
Non-minor claim,,,,,,
Non-Program Case,,,,,,
North Central Secure Treatment Unit,,,,,,
North Central Secure Treatment Unit in PA.,,,,,,
Northampton County Human Services,,,,,,
Northeast Catholic High School,,,,,,
Northwestern Academy,,,,,,
Northwestern Academy PA,,,,,,
NOT A MINOR- NOT ELIGIBLE,,,,,,
NOT A MINOR- NOT ELIGIBLE FOR IVCP,,,,,,
NOT BAP Eligible,,,,,,
NOT ELIGIBLE,,,,,,
NOT ELIGIBLE FOR NJ COMPENSATION PROGRAM,,,,,,
Not Eligible For PA Program,,,,,,
NOT ELIGIBLE FOR PHL PROGRAM,,,,,,
NOT GOOD WITNESS,,,,,,
Not in custody,,,,,,
NOT PURSUING VQ CLAIM,,,,,,
NOTE: Hearing impaired,,,,,,
Notice - Eligible for Expanded BAP Exam,,,,,,
Notice of Eligibility for Expanded BAP Exam,,,,,,
Now DECEASED - TD,,,,,,
Nun abuse- not priest,,,,,,
NUN CASE,,,,,,
Nursing Home NJ,,,,,,
NY Case,,,,,,
NY School Case,,,,,,
Oasis Loan,,,,,,
Oblates,,4. Sexual Abuse - Pennsylvania ,Religious Orders,,Case State = PA,Plaintiff DOB is on or before 11/26/1989
Oblates,,4. Sexual Abuse - Pennsylvania ,Religious Order Minor (DOB after 11/26/1989),,Case State = PA,Plaintiff DOB is after 11/26/1989
Ocean County Juv Detention Center,,3. Sexual Abuse - New Jersey,New Jersey Detentio Center- Ocean County,,Case State = NJ,
Ocean residential JJC,,,,,,
Ocean's Harbor House,,,,,,
Offered Expanded BAP,,,,,,
OFM,,,,,,
on parole,,,,,,
ONLY CALL CELL,,,,,,
ONLY EMAIL!!! DO NOT MAIL DOCS TO HOME!!!,,,,,,
ONLY SEND DOCS TO EMAIL!,,,,,,
ONLY SEND DOCS TO EMAIL! NO MAIL!,,,,,,
ONLY VAL TO CALL! SENSTIVE CLIENT,,,,,,
Original BAP Exams Not Completed,,,,,,
Out of SOL,,,,,,
OUT OF SOL-GMS,,,,,,
Over 30,,,,,,
OVER 55,,,,,,
OVER 55 y/o,,,,,,
overlapping,,,,,,
PA,,,,,,
PA 3rd Party,,,,,,
PA 3rd Party Case,,,,,,
PA Archdiocese,,,,,,
PA Case,,,,,,
PA Child Support Lien,,,,,,
PA Church,,,,,,
PA Crossover,,,,,,
PA Does Not Meet Criteria,,,,,,
PA General Sex Abuse,,4. Sexual Abuse - Pennsylvania ,General Sex Abuse,,Case State = PA,Plaintiff DOB is on or before 11/26/1989
PA In Statute,,,,,,
PA Juvenile Detention,,4. Sexual Abuse - Pennsylvania ,Juvenile Detention Center,,Case State = PA,Plaintiff DOB is on or before 11/26/1989
PA Not Retained,,,,,,
PA rehab center,,,,,,
PA School,,4. Sexual Abuse - Pennsylvania ,School,,Case State = PA,Plaintiff DOB is on or before 11/26/1989
PA Window Case,,,,,,
Palestinian Orthodox Church,,,,,,
Paoli Hospital,,,,,,
Paradise School for Boys,,,,,,
Parkinson’s,,,,,,
Passaic County Youth Detention Center,,3. Sexual Abuse - New Jersey,New Jersey Detention Center- Misc. County,,Case State = NJ,
Passed away,,,,,,
Paterson,,3. Sexual Abuse - New Jersey,Paterson Diocese (Adult),,Case State = NJ,"No ""minor"" case tag present"
Paterson,"MINOR, Minor- Misc., NJ 3rd Party minor, NJ GENERAL (MINOR), NJ Minor Abuse Claim, NJ Minor claim, NJ Minors",3. Sexual Abuse - New Jersey,Paterson Diocese (Minor),,Case State = NJ,case also has one or more of the tags in column B
Paterson BOE,,3. Sexual Abuse - New Jersey,School,,Case State = NJ,
Paterson Diocese,,3. Sexual Abuse - New Jersey,Paterson Diocese (Adult),,Case State = NJ,"No ""minor"" case tag present"
Paterson Diocese,"MINOR, Minor- Misc., NJ 3rd Party minor, NJ GENERAL (MINOR), NJ Minor Abuse Claim, NJ Minor claim, NJ Minors",3. Sexual Abuse - New Jersey,Paterson Diocese (Minor),,Case State = NJ,case also has one or more of the tags in column B
Patrick F. Healy Middle School or John L. Costley,,3. Sexual Abuse - New Jersey,School,,Case State = NJ,
Patterson,,3. Sexual Abuse - New Jersey,Paterson Diocese (Adult),,Case State = NJ,"No ""minor"" case tag present"
Patterson,"MINOR, Minor- Misc., NJ 3rd Party minor, NJ GENERAL (MINOR), NJ Minor Abuse Claim, NJ Minor claim, NJ Minors",3. Sexual Abuse - New Jersey,Paterson Diocese (Minor),,Case State = NJ,case also has one or more of the tags in column B
Paul D’Amato Referral,,,,,,
Paul Lauricella Referral,,,,,,
Paul Turkheimer Referral,,,,,,
Pending information,,,,,,
Penn Hills Senior High School,,,,,,
Pennsylvania Juvenile Detention,,,,,,
Pennsylvania Psychiatric Institute,,,,,,
PERP CONVICTED,,,,,,
Perp. + client Franco Iemmello,,,,,,
Perp. + client Mike Robertazzi,,,,,,
Peter Baron Referral,,,,,,
Petrov Ballet School,,3. Sexual Abuse - New Jersey,School,,Case State = NJ,
PFS submitted,,,,,,
Phelps Private Boarding School,,,,,,
Philadelphia Archdiocese,,4. Sexual Abuse - Pennsylvania,Philadelphia Archdiocese,,Case State = PA,Plaintiff DOB is on or before 11/26/1989
Philadelphia Archdiocese,,4. Sexual Abuse - Pennsylvania,Philadelphia Archdiocese Minor (DOB after 11/26/1989),,Case State = PA,Plaintiff DOB is after 11/26/1989
Philadelphia Day Care,,,,,,
Philadelphia Diocese,,4. Sexual Abuse - Pennsylvania,Philadelphia Archdiocese,,Case State = PA,Plaintiff DOB is on or before 11/26/1989
Philadelphia Diocese,,4. Sexual Abuse - Pennsylvania,Philadelphia Archdiocese Minor (DOB after 11/26/1989),,Case State = PA,Plaintiff DOB is after 11/26/1989
Philadelphia Youth Study Center,,4. Sexual Abuse - Pennsylvania,Juvenile Detention Center,,Case State = PA,Plaintiff DOB is on or before 11/26/1989
Philadlephia Archdiocese,,4. Sexual Abuse - Pennsylvania,Philadelphia Archdiocese,,Case State = PA,Plaintiff DOB is on or before 11/26/1989
Philadlephia Archdiocese,,4. Sexual Abuse - Pennsylvania,Philadelphia Archdiocese Minor (DOB after 11/26/1989),,Case State = PA,Plaintiff DOB is after 11/26/1989
Physical & Sexual Abuse,,,,,,
PHYSICAL ONLY,,,,,,
Physician,,,,,,
Pittsburgh,,4. Sexual Abuse - Pennsylvania,Pittsburgh Diocese,,Case State = PA,Plaintiff DOB is on or before 11/26/1989
Pittsburgh,,4. Sexual Abuse - Pennsylvania,Pittsburgh Diocese Minor (DOB after 11/26/1989),,Case State = PA,Plaintiff DOB is after 11/26/1989
Pittsburgh Archdiocese,,4. Sexual Abuse - Pennsylvania,Pittsburgh Diocese,,Case State = PA,Plaintiff DOB is on or before 11/26/1989
Pittsburgh Archdiocese,,4. Sexual Abuse - Pennsylvania,Pittsburgh Diocese Minor (DOB after 11/26/1989),,Case State = PA,Plaintiff DOB is after 11/26/1989
Pittsburgh Diocese,,4. Sexual Abuse - Pennsylvania,Pittsburgh Diocese,,Case State = PA,Plaintiff DOB is on or before 11/26/1989
Pittsburgh Diocese,,4. Sexual Abuse - Pennsylvania,Pittsburgh Diocese Minor (DOB after 11/26/1989),,Case State = PA,Plaintiff DOB is after 11/26/1989
Please Contact Letter Sent,,,,,,
PNC,,,,,,
Point Pleasant Borough High School,,,,,,
Portersville Christian School,,,,,,
Possibly sending to MAF,,,,,,
POST PROGRAM DEADLINE,,,,,,
Potential 3rd Party PI claim,,,,,,
Potential son abuse,,,,,,
PREFERS PHONE CALLS NOT EMAILS,,,,,,
PREFERS TEXT MESSAGES,,,,,,
Prefers to be called Vince,,,,,,
Premonstratensian Order,,4. Sexual Abuse - Pennsylvania,Religious Order,,Case State = PA,Plaintiff DOB is on or before 11/26/1989
Premonstratensian Order,,4. Sexual Abuse - Pennsylvania,Religious Order Minor (DOB afteer 11/26/1989),,Case State = PA,Plaintiff DOB is after 11/26/1989
Presbyterian Church,"MINOR, Minor- Misc., NJ 3rd Party minor, NJ GENERAL (MINOR), NJ Minor Abuse Claim, NJ Minor claim, NJ Minors",3. Sexual Abuse - New Jersey,Non-Catholic Religion (Minor),,Case State = NJ,case also has one or more of the tags in column B
Presbyterian Church,,3. Sexual Abuse - New Jersey,Non-Catholic Religion (Adult),,Case State = NJ,"No ""minor"" case tag present"
Pre-settlement loan,,,,,,
PRE-SETTLEMENT LOAN-Covered Bridge,,,,,,
Pressley Ridge,,,,,,
Priest Credibly Accused,,,,,,
PRIOR INJURY-SAME BODY PART,,,,,,
PRIOR TO CALLING – TEXT “I’M INTERESTED IN THE PROPERTY ON PALMER DRIVE”,,,,,,
PRIORITY CASE,,,,,,
Program suspended,,,,,,
Public School,,4. Sexual Abuse - Pennsylvania,School,,Case State = PA,Plaintiff DOB is on or before 11/26/1989
QD 1.5,,,,,,
QD LEVEL 1,,,,,,
Questionnaire mailed 4/30,,,,,,
Questionnaire mailed 5/10,,,,,,
Questionnaire mailed 5/13,,,,,,
Questionnaire mailed 5/6,,,,,,
Questionnaire mailed 5/6.,,,,,,
Questionnaire submitted 4/25,,,,,,
Rachel Possinger Referral,,,,,,
Ralph Brook's Brother,,,,,,
Raynes & Lawn Referral,,,,,,
Rec'd Determination Letter,,,,,,
Rec'd IRRP Determination Letter - Ineligible,,,,,,
Received Determination Letter,,,,,,
RECEIVES MEDICARE,,,,,,
rec's Medicaid,,,,,,
rec's Medicare,,,,,,
Red Bank Middle School,,3. Sexual Abuse - New Jersey ,School,,Case State = NJ,
Ref: Chris Dore (edelson Firm),,,,,,
referral attorney,,,,,,
Referral atty Phil Mattia Esq.,,,,,,
referral from Bobby Moak Esq,,,,,,
Referral from Eisenberg Rothweiler,,,,,,
Referral from Marc Neff Esq.,,,,,,
Referral from Rod Dellano,,,,,,
Referral from Stacy Mogul Esq.,,,,,,
Referred by Alberto Matos,,,,,,
Referred by Francis Dzwoniarek,,,,,,
Referred by Michael Canavan,,,,,,
Referred by Raymond Marino,,,,,,
Reg Deadline Passed-Ineligible,,,,,,
REGISTERED,,,,,,
Registering as a NJ Claim,,,,,,
Rejected,,,,,,
Rejection Letter,,,,,,
Rejection letter sent,,,,,,
Religious Order,,,,,,
Religious Order Priest,,,,,,
Religous Order,,,,,,
Removed from list,,,,,,
Removed from portal,,,,,,
Repeat Perp. E. Marcone,,,,,,
Represented by another firm,,,,,,
Residential Home: Arthur Brisbane Child Treatment Center,,3. Sexual Abuse - New Jersey,Child Welfare Agency,,Case State = NJ,
Robins Kaplan Referral,,,,,,
Rod Dellano Referral,,,,,,
Ron Sherman Referral,,,,,,
Roosevelt School No 7,,3. Sexual Abuse - New Jersey,School,,Case State = NJ,
Royal Rangers,,4. Sexual Abuse - Pennsylvania,Non-Catholic Religion,,Case State = PA,Plaintiff DOB is on or before 11/26/1989
S.M. (Marianists-Society of Mary),,3. Sexual Abuse - New Jersey,Religious Order,,Case State = NJ,
Saint Gabriel's hall,,4. Sexual Abuse - Pennsylvania,St. Gabriel's Hall,,Case State = PA,Plaintiff DOB is on or before 11/26/1989
Saint Gabriel's hall,,4. Sexual Abuse - Pennsylvania,St. Gabriel's Hall Minor (DOB after 11/26/1989),,Case State = PA,Plaintiff DOB is after 11/26/1989
Saint Gabriel's System,,4. Sexual Abuse - Pennsylvania,St. Gabriel's Hall,,Case State = PA,Plaintiff DOB is on or before 11/26/1989
Saint Gabriel's System,,4. Sexual Abuse - Pennsylvania,St. Gabriel's Hall Minor (DOB after 11/26/1989),,Case State = PA,Plaintiff DOB is after 11/26/1989
Salesians Don Bosco,,3. Sexual Abuse - New Jersey,Religious Order,,Case State = NJ,
Salvation Army,,,,,,
SAME ABUSER AS EMIL S.,,,,,,
SAME ABUSER AS GERARD  STEFANELLI,,,,,,
SAME ABUSER AS MICHAEL STRADFORD,,,,,,
SAME PERP AS ISAACS & F. CLARK,,,,,,
Same perp as M. Isaacs,,,,,,
Samuels Foster Home,,,,,,
School Abuse Case,,,,,,
School Case,,,,,,
Scott Leonard Referral,,,,,,
Scranton,,4. Sexual Abuse - Pennsylvania,Scranton Diocese,,Case State = PA,Plaintiff DOB is on or before 11/26/1989
Scranton Diocese,,4. Sexual Abuse - Pennsylvania,Scranton Diocese,,Case State = PA,Plaintiff DOB is on or before 11/26/1989
Scraton Diocese,,4. Sexual Abuse - Pennsylvania,Scranton Diocese,,Case State = PA,Plaintiff DOB is on or before 11/26/1989
Sean Pena Referral,,,,,,
secondary referral from Michael Crane Esq,,,,,,
See Gregory Wilkerson File re. Investigation,,,,,,
SEE VS NOTE 05/10,,,,,,
Sent to Investigator,,,,,,
Sent to PI,,,,,,
SERIOUS CASE,,,,,,
SETTLED,,,,,,
Settled - Devereux,,,,,,
SEX ABUSE-POTENTIAL,,,,,,
SEXUAL,,,,,,
Sexual abuse,,,,,,
SEXUAL-POTENTIAL,,,,,,
Shawn Phone #404-429-3996,,,,,,
She/Her Pronouns,,,,,,
Shuman Juvenile Detention Center,,,,,,
SIGNED UP WITH ANOTHER LAW FIRM,,,,,,
Silver & Silver Referral,,,,,,
Silver Springs Martin Luther King School,,4. Sexual Abuse - Pennsylvania,School,,Case State = PA,Plaintiff DOB is on or before 11/26/1989
Sister of Nancy Astin-Manno,,,,,,
Skillman Juvenile Detention Center,,3. Sexual Abuse - New Jersey,New Jersey Detention Center - State Facilities - MCL,,Case State = NJ,
Slade McLaughlin referral,,,,,,
Sleighton Farms School for Girls,,3. Sexual Abuse - New Jersey,New Jersey Detention Center - State Facilities - MCL,,Case State = NJ,
Social Services,,,,,,
SOL Runs: 11/16/22,,,,,,
Somerset County Rehab Center,,,,,,
South Mountain Restoration Center,,,,,,
Sports Team,,,,,,
SSS,,,,,,
SSS Handling BSA Claim,,,,,,
SSS Referral,,,,,,
SSS Referral - STG,,,,,,
SSS Referral (Devereux),,,,,,
SSS/CLG Dual Rep,,,,,,
st gabriels hall,,4. Sexual Abuse - Pennsylvania,St. Gabriel's Hall,,Case State = PA,Plaintiff DOB is on or before 11/26/1989
st gabriels hall,,4. Sexual Abuse - Pennsylvania,St. Gabriel's Hall Minor (DOB after 11/26/1989),,Case State = PA,Plaintiff DOB is after 11/26/1989
St Gabriel's Hall,,4. Sexual Abuse - Pennsylvania,St. Gabriel's Hall,,Case State = PA,Plaintiff DOB is on or before 11/26/1989
St Gabriel's Hall,,4. Sexual Abuse - Pennsylvania,St. Gabriel's Hall Minor (DOB after 11/26/1989),,Case State = PA,Plaintiff DOB is after 11/26/1989
St Michael's School for Boys,,4. Sexual Abuse - Pennsylvania,Scraton Diocese,,Case State = PA,Plaintiff DOB is on or before 11/26/1989
St. Gabes,,4. Sexual Abuse - Pennsylvania,St. Gabriel's Hall,,Case State = PA,Plaintiff DOB is on or before 11/26/1989
St. Gabes,,4. Sexual Abuse - Pennsylvania,St. Gabriel's Hall Minor (DOB after 11/26/1989),,Case State = PA,Plaintiff DOB is after 11/26/1989
St. Gabe's,,4. Sexual Abuse - Pennsylvania,St. Gabriel's Hall,,Case State = PA,Plaintiff DOB is on or before 11/26/1989
St. Gabe's,,4. Sexual Abuse - Pennsylvania,St. Gabriel's Hall Minor (DOB after 11/26/1989),,Case State = PA,Plaintiff DOB is after 11/26/1989
St. Gabe's Hall,,4. Sexual Abuse - Pennsylvania,St. Gabriel's Hall,,Case State = PA,Plaintiff DOB is on or before 11/26/1989
St. Gabe's Hall,,4. Sexual Abuse - Pennsylvania,St. Gabriel's Hall Minor (DOB after 11/26/1989),,Case State = PA,Plaintiff DOB is after 11/26/1989
St. gabriels,,4. Sexual Abuse - Pennsylvania,St. Gabriel's Hall,,Case State = PA,Plaintiff DOB is on or before 11/26/1989
St. gabriels,,4. Sexual Abuse - Pennsylvania,St. Gabriel's Hall Minor (DOB after 11/26/1989),,Case State = PA,Plaintiff DOB is after 11/26/1989
St. Gabriels Hall,,4. Sexual Abuse - Pennsylvania,St. Gabriel's Hall,,Case State = PA,Plaintiff DOB is on or before 11/26/1989
St. Gabriels Hall,,4. Sexual Abuse - Pennsylvania,St. Gabriel's Hall Minor (DOB after 11/26/1989),,Case State = PA,Plaintiff DOB is after 11/26/1989
St. Gabriel's Hall,,4. Sexual Abuse - Pennsylvania,St. Gabriel's Hall,,Case State = PA,Plaintiff DOB is on or before 11/26/1989
St. Gabriel's Hall,,4. Sexual Abuse - Pennsylvania,St. Gabriel's Hall Minor (DOB after 11/26/1989),,Case State = PA,Plaintiff DOB is after 11/26/1989
St. Mary's Villa - TD,,,,,,
St. Matthew's in the Woods,,,,,,
St. Michael's Lutheran Church,,,,,,
St. Michael's School for Boys,,4. Sexual Abuse - Pennsylvania,Scranton Diocese,,Case State = PA,Plaintiff DOB is on or before 11/26/1989
St. Stephen School,,,,,,
Star of Hope Mission,"MINOR, Minor- Misc., NJ 3rd Party minor, NJ GENERAL (MINOR), NJ Minor Abuse Claim, NJ Minor claim, NJ Minors",3. Sexual Abuse - New Jersey,Non-Catholic Religion (Minor),,Case State = NJ,case also has one or more of the tags in column B
Stark and Stark Referral,,,,,,
Stephens Foster Home,,3. Sexual Abuse - New Jersey,Chidl Welfare Agency,,Case State = NJ,
Stepping Stone Group Home NJ,,,,,,
Steven Kupferberg Referral,,,,,,
STG,,4. Sexual Abuse - Pennsylvania,St. Gabriel's Hall,,Case State = PA,Plaintiff DOB is on or before 11/26/1989
STG,,4. Sexual Abuse - Pennsylvania,St. Gabriel's Hall Minor (DOB after 11/26/1989),,Case State = PA,Plaintiff DOB is after 11/26/1989
STG and VQ,,,,,,
STG and VQ - TD,,,,,,
STG IN SUIT,,4. Sexual Abuse - Pennsylvania,St. Gabriel's Hall,,Case State = PA,Plaintiff DOB is on or before 11/26/1989
STG IN SUIT,,4. Sexual Abuse - Pennsylvania,St. Gabriel's Hall Minor (DOB after 11/26/1989),,Case State = PA,Plaintiff DOB is after 11/26/1989
STG TD,,,,,,
STG- TD,,,,,,
Stockpile,,,,,,
STRONG CASE,,,,,,
Suburban EMS,,,,,,
Summit Academy,,4. Sexual Abuse - Pennsylvania,Juvenile Detention Center ,,Case State = PA,Plaintiff DOB is on or before 11/26/1989
Sussex County Correctional Facility,,3. Sexual Abuse - New Jersey,New Jersey Detention Center - Misc. County,,Case State = NJ,
Synagogue,,4. Sexual Abuse - Pennsylvania,Non-Catholic Religion,,Case State = PA,Plaintiff DOB is on or before 11/26/1989
Tabs3,,,,,,
Taxi Company,,,,,,
TD,,,,,,
TD - DEV,,,,,,
TD - GM,,,,,,
TD - GM and DEV,,,,,,
TD - GM and VQ,,,,,,
TD - STG,,,,,,
TD - VQ,,,,,,
TD - VQ and DEV,,,,,,
TD - VQ and STG,,,,,,
TD - Wordsworth,,,,,,
TD- both STG and VQ,,,,,,
TD only VQ and DEV,,,,,,
TD per JWB,,,,,,
TD VQ ONLY,,,,,,
TD-NON COOPERATION,,,,,,
TD-STG,,,,,,
TD-STG ONLY,,,,,,
TD-VisionQuest,,,,,,
TD-VisionQuest,,,,,,
TD-VQ and GMS,,,,,,
Teacher,,,,,,
Technical College High School-Pickering Campus,,,,,,
Texas,,,,,,
Text/Call before sending mail,,,,,,
The Female Secure Care and Intake Facility: Hayes Building,,3. Sexual Abuse - New Jersey,Juvenile Detention Center- State Facilities - MCL,,Case State = NJ,
The New Jersey Training School and the Highland School,,3. Sexual Abuse - New Jersey,Juvenile Detention Center- State Facilities - MCL,,Case State = NJ,
The Provincial Convent for Sister Of Good Shepherd,,,,,,
The Summit Academy,,4. Sexual Abuse - Pennsylvania,Juvenile Detention Center,,Case State = PA,Plaintiff DOB is on or before 11/26/1989
Therapy,,,,,,
They/them/it,,,,,,
THIS IS A DUP CONTACT,,,,,,
Tioga County Child and Youth Services,,,,,,
Todd Leonard Referral,,,,,,
Toner Institute,,,,,,
Treatment. See 5.1.19 note.,,,,,,
Treatment. See 5.2.19 note.,,,,,,
Treatment. See 5.3.19 note.,,,,,,
Trenton,"MINOR, Minor- Misc., NJ 3rd Party minor, NJ GENERAL (MINOR), NJ Minor Abuse Claim, NJ Minor claim, NJ Minors",3. Sexual Abuse - New Jersey ,Trenton Diocese (Minor),,Case State = NJ,case also has one or more of the tags in column B
Trenton,,3. Sexual Abuse - New Jersey ,Trenton Diocese (Adult),,Case State = NJ,"No ""minor"" case tag present"
Trenton Diocese,"MINOR, Minor- Misc., NJ 3rd Party minor, NJ GENERAL (MINOR), NJ Minor Abuse Claim, NJ Minor claim, NJ Minors",3. Sexual Abuse - New Jersey ,Trenton Diocese (Minor),,Case State = NJ,case also has one or more of the tags in column B
Trenton Diocese,,3. Sexual Abuse - New Jersey ,Trenton Diocese (Adult),,Case State = NJ,"No ""minor"" case tag present"
Trinity United Methodist Church,,,,,,
Turndown,,,,,,
Twin Hills Elementary School,,,,,,
Tyler Fox Referral,,,,,,
U20,,,,,,
UE,,,,,,
Ukrainian Byzantine Catholic Church,"MINOR, Minor- Misc., NJ 3rd Party minor, NJ GENERAL (MINOR), NJ Minor Abuse Claim, NJ Minor claim, NJ Minors",3. Sexual Abuse - New Jersey ,Non-Catholic Religion (Minor),,Case State = NJ,case also has one or more of the tags in column B
Uncooperative,,,,,,
Under 20,,,,,,
Under 30,,,,,,
UNDER 55,,,,,,
UNDER 55 y/o,,,,,,
UNDER SOL for PHL Claim,,,,,,
Union Baptist Church,,,,,,
United Holy Church,,4. Sexual Abuse - Pennsylvania,Non-Catholic Religion,,Case State = PA,Plaintiff DOB is on or before 11/26/1989
US Claims Loan,,,,,,
USA Blues Clothing Store,,4. Sexual Abuse - Pennsylvania,General Sex Abuse,,Case State = PA,Plaintiff DOB is on or before 11/26/1989
USE: waylonbrown89@hotmail.com,,,,,,
Verified,,,,,,
Vincentians,,3. Sexual Abuse - New Jersey ,Religious Order,,Case State = NJ,
Vision Quest,,4. Sexual Abuse - Pennsylvania,VisionQuest,,Case State = PA,Plaintiff DOB is on or before 11/26/1989
Vision Quest,,4. Sexual Abuse - Pennsylvania,VisionQuest Minor (DOB after 11/26/1989),,Case State = PA,Plaintiff DOB is after 11/26/1989
Vision Quest (PHY only- out of Statute),,4. Sexual Abuse - Pennsylvania,VisionQuest,,Case State = PA,Plaintiff DOB is on or before 11/26/1989
Vision Quest (PHY only- out of Statute),,4. Sexual Abuse - Pennsylvania,VisionQuest Minor (DOB after 11/26/1989),,Case State = PA,Plaintiff DOB is after 11/26/1989
Vision Quest (Texas),,4. Sexual Abuse - Pennsylvania,VisionQuest Minor (DOB after 11/26/1989),,Case State = PA,Plaintiff DOB is after 11/26/1989
Vision Quest (Texas),,4. Sexual Abuse - Pennsylvania,VisionQuest,,Case State = PA,Plaintiff DOB is on or before 11/26/1989
Vision Quest Philadelphia,,4. Sexual Abuse - Pennsylvania,VisionQuest,,Case State = PA,Plaintiff DOB is on or before 11/26/1989
Vision Quest Philadelphia,,4. Sexual Abuse - Pennsylvania,VisionQuest Minor (DOB after 11/26/1989),,Case State = PA,Plaintiff DOB is after 11/26/1989
Visionquest,,4. Sexual Abuse - Pennsylvania,VisionQuest,,Case State = PA,Plaintiff DOB is on or before 11/26/1989
Visionquest,,4. Sexual Abuse - Pennsylvania,VisionQuest Minor (DOB after 11/26/1989),,Case State = PA,Plaintiff DOB is after 11/26/1989
VQ,,4. Sexual Abuse - Pennsylvania,VisionQuest,,Case State = PA,Plaintiff DOB is on or before 11/26/1989
VQ,,4. Sexual Abuse - Pennsylvania,VisionQuest Minor (DOB after 11/26/1989),,Case State = PA,Plaintiff DOB is after 11/26/1989
VQ - TD,,,,,,
VQ - TD,,,,,,
VQ Case- TD,,,,,,
VQ Case- TD,,,,,,
VQ CLAIM - TD FOR MIN ABUSE,,,,,,
VQ CLAIM - TD FOR MIN ABUSE,,,,,,
VQ Client,,4. Sexual Abuse - Pennsylvania,VisionQuest,,Case State = PA,Plaintiff DOB is on or before 11/26/1989
VQ Client,,4. Sexual Abuse - Pennsylvania,VisionQuest Minor (DOB after 11/26/1989),,Case State = PA,Plaintiff DOB is after 11/26/1989
VQ PHY ONLY,,4. Sexual Abuse - Pennsylvania,VisionQuest,,Case State = PA,Plaintiff DOB is on or before 11/26/1989
VQ PHY ONLY,,4. Sexual Abuse - Pennsylvania,VisionQuest Minor (DOB after 11/26/1989),,Case State = PA,Plaintiff DOB is after 11/26/1989
VQ TD,,,,,,
VQ TD,,,,,,
VQ-TD,,,,,,
VQ-TD,,,,,,
VS- SEE HR NOTES IF INELIGIBLE,,,,,,
Wall High School,,,,,,
Wall Township NJ,,,,,,
West Essex Middle School,,3. Sexual Abuse - New Jersey,School ,,Case State = NJ,
West Philadelphia Promise Academy.,,,,,,
West Washington United Methodist Church,,,,,,
WIFE DOES NOT KNOW,,,,,,
WIFE DOES NOT KNOW ABOUT ABUSE,,,,,,
WIFE DOES NOT KNOW!!!,,,,,,
Wiggs Foster Home,,4. Sexual Abuse - Pennsylvania,Child Welfare Agency,,Case State = PA,Plaintiff DOB is on or before 11/26/1989
Will get back to us - too much going on right now,,,,,,
Within SOL,,,,,,
Women's Christian Alliance,,4. Sexual Abuse - Pennsylvania,Child Welfare Agency,,Case State = PA,Plaintiff DOB is on or before 11/26/1989
Woodsworth Academy,,,,,,
Wordsworth Academy,,,,,,
YMCA,,,,,,
Youth Forestry Camp,,,,,,
Youth Forestry Camp #1,,,,,,
Youth Forestry Camp #3,,,,,,
Youth Services,,,,,,
Youth Services Agency,,,,,,
YWCA Day Camp,,,,,,
